description,symbol
DALDRUP & SOEHNE AG,4DS.DE
INCITY IMMOBILIEN AG,IC8.DE
BIOTEST AG,BIO.DE
HAPAG-LLOYD AG,HLAG.DE
ALIBABA GROUP HOLDING-SP ADR,AHLA.DE
TAKE-TWO INTERACTIVE SOFTWRE,TKE.DE
AUTO1 GROUP SE,AG1.DE
CARRIER GLOBAL CORP,4PN.DE
JENOPTIK AG,JEN.DE
IROBOT CORP,I8R.DE
DEUTSCHE LUFTHANSA-REG,LHA.DE
SUESS MICROTEC SE,SMHN.DE
SALESFORCE.COM INC,FOO.DE
BOMBARDIER INC-B,BBDB.DE
ENDOMINES AB,ED01.DE
FEDEX CORP,FDX.DE
EDWARDS LIFESCIENCES CORP,EWL.DE
IDEXX LABORATORIES INC,IX1.DE
FIDELITY NATIONAL INFO SERV,ZGY.DE
WT ENERGY LONGER DATED,9GAG.DE
BNP PAR RICI ENH GASOLINE,BNQG.DE
M & T BANK CORP,MTZ.DE
LION E-MOBILITY AG,LMI.DE
TWITTER INC,TWR.DE
VALARTIS GROUP AG-BR,OZH1.DE
3U HOLDING AG,UUU.DE
WT EURO STOXX50 3X DLY SHORT,PCFC.DE
AD PEPPER MEDIA INTL NV,APM.DE
L'OREAL,LOR.DE
STARBUCKS CORP,SRB.DE
ORMAT TECHNOLOGIES INC,HNM.DE
URANIUM ENERGY CORP,U6Z.DE
ADVA OPTICAL NETWORKING SE,ADV.DE
YAMANA GOLD INC,RNY.DE
EASY SOFTWARE AG,ESY.DE
DELTA TECHNOLOGIES NYRT,E8E4.DE
VERIZON COMMUNICATIONS INC,BAC.DE
DEFAMA AG,DEF.DE
WT GOLD 3X DAILY LEVERAGED,PCFP.DE
BORUSSIA DORTMUND GMBH & CO,BVB.DE
BNP PAR RICI ENH TIN TR,BNQS.DE
TAPESTRY INC,COY.DE
TMC CONTENT GROUP AG,ERO1.DE
SYZYGY AG,SYZ.DE
KONINKLIJKE PHILIPS NV,PHI1.DE
11 88 0 SOLUTIONS AG,TGT.DE
WT WHEAT 2X DAILY LEVERAGED,4RUJ.DE
ADOBE INC,ADB.DE
COUPA SOFTWARE INC,2C0.DE
SALZGITTER AG,SZG.DE
BROADCOM INC,1YD.DE
ODP CORP/THE,ODP1.DE
ORBIS AG,OBS.DE
WT NASDAQ 100 3X DAILY SHORT,3QSS.DE
ALLGEIER SE,AEIN.DE
BNP PAR RICI ENH BRENT CRUDE,BNQC.DE
MEDIA AND GAMES INVEST PLC,M8G.DE
EVERGY INC,3E7.DE
BAXTER INTERNATIONAL INC,BTL.DE
ANGLO AMERICAN PLC-SPONS ADR,NGLD.DE
REALTECH AG,RTC.DE
VODAFONE GROUP PLC,VODI.DE
EATON VANCE CORP,EVCN.DE
MATCH GROUP INC,4MGN.DE
ISH MSCI JPN ESG EHNCD USD-D,EMNJ.DE
GROUNDS REAL ESTATE DEV/THE,AMMN.DE
AMERIPRISE FINANCIAL INC,A4S.DE
DROPBOX INC-CLASS A,1Q5.DE
CREE INC,CR6.DE
NORTHERN DATA AG,NB2.DE
MELBANA ENERGY LTD,MU9.DE
DIGITAL REALTY TRUST INC,FQI.DE
XTRACKER OIL ETC EUR HDG,XETC.DE
TELEKOM AUSTRIA AG,TA1.DE
MYHAMMER HOLDING AG,MYRK.DE
BANK OF NEW YORK MELLON CORP,BN9.DE
CROWN CASTLE INTL CORP,8CW.DE
CONTINENTAL AG,CON.DE
DEUTSCHE PFANDBRIEFBANK AG,PBB.DE
CENIT AG,CSH.DE
PVA TEPLA AG,TPE.DE
CHARLES RIVER LABORATORIES,RV6.DE
MARSH & MCLENNAN COS,MSN.DE
KONINKLIJKE AHOLD DELHAIZE N,AHOG.DE
ANTHEM INC,A58.DE
BANCO SANTANDER SA,BSD2.DE
WT AGRICULTURE 2X DLY LVRGD,4RTR.DE
CANCOM SE,COK.DE
STABILUS SA,STM.DE
COTY INC-CL A,CO3A.DE
WT LONG CNY SHORT USD,XBJE.DE
GLU MOBILE INC,F2P.DE
DEUTSCHE WOHNEN SE,DWNI.DE
COEUR MINING INC,CDM1.DE
BARKBY GROUP PLC/THE,3WY.DE
MOLOGEN AG,MGNK.DE
WT INDUS METALS LONGER DATED,9GAK.DE
NEW WORK SE,NWO.DE
GENTEX CORP,GTX.DE
WT SUGAR 2X DAILY LEVERAGED,4RUH.DE
SUEDZUCKER AG,SZU.DE
LEIFHEIT AG,LEI.DE
AKASOL AG,ASL.DE
HANSEYACHTS AG,H9Y.DE
CISCO SYSTEMS INC,CIS.DE
RINGCENTRAL INC-CLASS A,3RCA.DE
FIRST SOLAR INC,F3A.DE
CIGNA CORP,CGN.DE
WT NICKEL,OD7M.DE
CECONOMY AG,CEC.DE
PUBLIC STORAGE,PUP.DE
ALEXION PHARMACEUTICALS INC,AXP.DE
KINDER MORGAN INC,2KD.DE
AMETEK INC,AK1.DE
DISCOVERY INC - A,DC6.DE
SAIPEM SPA,SPE1.DE
IGP ADVANTAG AG,A62.DE
VOSSLOH AG,VOS.DE
HIGHLIGHT COMMUNICATIONS-BR,HLG.DE
BAKER HUGHES CO,68V.DE
BNP PAR RICI ENH COPPER TR,BNQP.DE
BNP PARIBAS COPPER ETC,B4NQ.DE
KLA CORP,KLA.DE
ARBONIA AG,ANGA.DE
DEUTSCHE POST AG-REG,DPW.DE
WT COPPER - EUR DAILY HEDGED,00XL.DE
SWISS RE AG,SR9.DE
MAGFORCE AG-BEAR,MF6.DE
MVV ENERGIE AG,MVV1.DE
BACKBONE TECHNOLOGY AG-BR,AO9.DE
PARAGON GMBH & CO KGAA,PGN.DE
BLACKROCK INC,BLQA.DE
SKYHARBOUR RESOURCES LTD,SC1P.DE
MACOM TECHNOLOGY SOLUTIONS H,1MA.DE
WARIMPEX FINANZ- UND BETEILI,WFS.DE
LULULEMON ATHLETICA INC,33L.DE
MVISE AG,C1V.DE
SOLARIS OILFIELD INFRAST-A,68S.DE
DESPEGAR.COM CORP,D3G.DE
CITIGROUP INC,TRVC.DE
SEMPRA ENERGY,SE4.DE
MYBUCKS SA,MBC.DE
FORMYCON AG,FYB.DE
BNP PAR RICI ENH GAS OIL,B4NI.DE
NOKIA CORP-SPON ADR,NOAA.DE
BRISTOL-MYERS SQUIBB CO,BRM.DE
COGNIZANT TECH SOLUTIONS-A,COZ.DE
GFT TECHNOLOGIES SE,GFT.DE
BNP PAR ENH GASOLINE ER,0GZF.DE
ABERCROMBIE & FITCH CO-CL A,AFT.DE
WT NATURAL GAS 1X DLY SHORT,4RTD.DE
NORFOLK SOUTHERN CORP,NFS.DE
AMERISOURCEBERGEN CORP,ABG.DE
STS GROUP AG,SF3.DE
WT GOLD 1X DAILY SHORT,9GA9.DE
HEIDELBERGER DRUCKMASCHINEN,HDD.DE
XTRACKER PALL ETC EUR HDG,XAD4.DE
UNISYS CORP,USY1.DE
DOLLAR GENERAL CORP,7DG.DE
ASANTE GOLD CORP,1A9.DE
SPIELVEREINIGUNG UNTERHACHIN,S6P.DE
BAYWA-BAYERISCHE WARENVERMIT,BYW6.DE
OMNICOM GROUP,OCN.DE
PAYCHEX INC,PCX.DE
AVALONBAY COMMUNITIES INC,WV8.DE
ALCOA CORP,185.DE
WT SHORT CNY LONG USD,XBJF.DE
WT COTTON,OD7E.DE
MATERNUS-KLINIKEN AG,MAK.DE
REAL MATTERS INC,R3E.DE
CEYLON GRAPHITE CORP,CCY.DE
TECHNOTRANS SE,TTR1.DE
DEUTSCHE INDUSTRIE REIT AG,JB7.DE
21SHARES SHORT BITCOIN ETP,21XS.DE
ZSCALER INC,0ZC.DE
HP INC,7HP.DE
ABO WIND AG,AB9.DE
GREENYARD NV,2P1.DE
2G ENERGY AG,2GB.DE
ZOOM VIDEO COMMUNICATIONS-A,5ZM.DE
TRANSUNION,1TU.DE
WT BRENT CRUDE OIL PRE-ROLL,0LJD.DE
RELIQ HEALTH TECHNOLOGIES IN,MHN2.DE
PAYCOM SOFTWARE INC,0PY.DE
BASLER AG,BSL.DE
TYSON FOODS INC-CL A,TF7A.DE
AGCO CORP,AGJ.DE
RWE AKTIENGESELLSCHAF-SP ADR,RWEA.DE
NUANCE COMMUNICATIONS INC,SC2.DE
BNP PAR RICI ENH ALUMINIUM,BNQN.DE
LEAF GROUP LTD,DJM1.DE
VEEVA SYSTEMS INC-CLASS A,VEE.DE
VST BUILDING TECHNOLOGIES AG,1T2.DE
EQUITABLE HOLDINGS INC,AXJ.DE
CHARTER COMMUNICATIONS INC-A,CQD.DE
CR CAPITAL AG,CRZK.DE
INFLARX NV,IF0.DE
DELIVERY HERO SE,DHER.DE
SYNBIOTIC SE,L3D.DE
WT INDUSTRIAL METALS,OD7Z.DE
MLP SE,MLP.DE
TTL BETEILIGUNGS UND GRUNDBE,TTO.DE
VISCOM AG,V6C.DE
MONDELEZ INTERNATIONAL INC-A,KTF.DE
MAN SE,MAN.DE
INTICA SYSTEMS AG,IS7.DE
CENTERPOINT ENERGY INC,HOU.DE
STEMMER IMAGING AG,S9I.DE
NOVO NORDISK A/S-B,NOVC.DE
SHS VIVEON AG,SHWK.DE
JDC GROUP AG,JDC.DE
ADES INTERNATIONAL HOLDING P,9HA.DE
ITN NANOVATION AG,I7N.DE
DEUTZ AG,DEZ.DE
PALO ALTO NETWORKS INC,5AP.DE
FIRSTENERGY CORP,FE7.DE
BAYER AG-SPONSORED ADR,BAYA.DE
DEUTSCHE TELEKOM AG-SPON ADR,DTEA.DE
WT SILVER 1X DAILY SHORT,4RTF.DE
WESTGRUND AG,WEG1.DE
FIRST MAJESTIC SILVER CORP,FMV.DE
AMALPHI AG,AMI.DE
ALLY FINANCIAL INC,GMZ.DE
TILRAY INC-CLASS 2 COMMON,2HQ.DE
MEVIS MEDICAL SOLUTIONS AG,M3V.DE
WT DAX 30 3X DAILY LEVERAGED,3DEL.DE
DIC ASSET AG,DIC.DE
DF DEUTSCHE FORFAIT AG,DFTK.DE
WT PETROLEUM,OD72.DE
DECKERS OUTDOOR CORP,DO2.DE
VALE SA,CVLC.DE
NAMESILO TECHNOLOGIES CORP,3NEN.DE
UNITED RENTALS INC,UR3.DE
BRENNTAG SE-UNSP ADR,BNRA.DE
CADENCE DESIGN SYS INC,CDS.DE
IBU-TEC ADVANCED MATERIALS A,IBU.DE
UNITED LABELS AG,ULC.DE
DEUTSCHE KONSUM REIT AG,DKG.DE
NABALTEC AG,NTG.DE
NESTLE SA-SPONS ADR,NESM.DE
DEUTSCHE WOHNEN SE-NEW,DWNN.DE
MARRIOTT INTERNATIONAL -CL A,MAQ.DE
F5 NETWORKS INC,FFV.DE
AMERICAN ELECTRIC POWER,AEP.DE
WT NATURAL GAS 3X DLY LVRGD,NGXL.DE
BRIGHTHOUSE FINANCIAL INC,BROC.DE
NIIIO FINANCE GROUP AG,NIIN.DE
VARIAN MEDICAL SYSTEMS INC,VNM.DE
EDF,E2F.DE
CEWE STIFTUNG & CO KGAA,CWC.DE
BEFESA SA,BFSA.DE
WT HEATING OIL,OD7I.DE
GOLD BULLION SECURITIES LTD,GG9B.DE
HUNTINGTON BANCSHARES INC,HU3.DE
FABASOFT AG,FAA.DE
VITA 34 AG,V3V.DE
VENTAS INC,VEN.DE
BNP PAR RICI ENH LEAD TR,B4NF.DE
YUM! BRANDS INC,TGR.DE
PNM RESOURCES INC,98P.DE
CONSOLIDATED EDISON INC,EDC.DE
AES CORP,AES.DE
INSTONE REAL ESTATE GROUP AG,INS.DE
X IE PHYSICAL SILVER ETC,XSLR.DE
UET UNITED ELECTRONIC TECHNO,CFC.DE
AVES ONE AG,AVES.DE
FIELMANN AG,FIE.DE
WT LONG CHF SHORT EUR,XBJA.DE
AT&T INC,SOBA.DE
BED BATH & BEYOND INC,BBY.DE
SERNOVA CORP,PSH.DE
ROKU INC,R35.DE
SLM SOLUTIONS GROUP AG-NEW,AM3E.DE
TERADYNE INC,TEY.DE
LYFT INC-A,LY0.DE
CHEVRON CORP,CHV.DE
FASHIONETTE AG,FSNT.DE
MASTERFLEX SE,MZX.DE
WT LONG SEK SHORT EUR,XBJD.DE
ECOLAB INC,ECJ.DE
XTRACKER PLAT ETC EUR HDG,XAD3.DE
WASHTEC AG,WSU.DE
EDAG ENGINEERING GROUP AG,ED4.DE
CPI PROPERTY GROUP SA,O5G.DE
UPSNAP INC/CANADA,FCGN.DE
PNE AG,PNE3.DE
WT GASOLINE,OD7G.DE
WIENERBERGER AG,WIB.DE
ALLEGHENY TECHNOLOGIES INC,ATD.DE
GENUINE PARTS CO,GPT.DE
DUERR AG,DUE.DE
WT SHORT CHF LONG EUR,SCHE.DE
HOCHTIEF AG,HOT.DE
E3 METALS CORP,OU7A.DE
ORACLE CORP,ORC.DE
DATADOG INC - CLASS A,3QD.DE
CROPENERGIES AG,CE2.DE
MOTOROLA SOLUTIONS INC,MTLA.DE
STANLEY BLACK & DECKER INC,SWF.DE
ELANCO ANIMAL HEALTH INC,5EA.DE
CORNING INC,GLW.DE
INTERSHOP COMMUNICATIONS AG,ISHA.DE
BNP PAR RICI ENH NTR GAS CRD,BNQE.DE
ENGIE,GZF.DE
JSC VEF,UIJ.DE
IFA HOTEL & TOURISTIK AG,IFA.DE
VAXART INC,NB11.DE
OLIN CORP,OLN.DE
KAP AG,IUR.DE
COMPLEO CHARGING SOLUTIONS A,C0M.DE
OWENS CORNING,O5Q.DE
COMMERCIAL METALS CO,CMS.DE
MANZ AG,M5Z.DE
HAEMATO AG,HAEK.DE
WALT DISNEY CO/THE,WDP.DE
ZEBRA TECHNOLOGIES CORP-CL A,ZT1A.DE
US BANCORP,UB5.DE
AUTOMATIC DATA PROCESSING,ADP.DE
OESTERREICHISCHE POST AG,O3P.DE
CORTEVA INC,2X0.DE
DARDEN RESTAURANTS INC,DDN.DE
WT EURO STX BNK 3X DLY SHORT,0LJJ.DE
VALERO ENERGY CORP,V1L.DE
BNP PAR RICI ENH ENERGY,B4NL.DE
PERNOD RICARD SA,PER.DE
RHEINMETALL AG,RHM.DE
REALTY INCOME CORP,RY6.DE
ARCELORMITTAL,ARRD.DE
BANCO BILBAO VIZCAYA ARGENTA,BOY.DE
WT BRENT CRUDE OIL,OOEA.DE
1&1 DRILLISCH AG,DRI.DE
BNP PAR RICI ENH HEAT OIL CR,B4NK.DE
ALLIANZ SE-REG,ALV.DE
SILTRONIC AG-TEND,WAF1.DE
SAF-HOLLAND SE,SFQ.DE
LINDE PLC,LIN.DE
SOLUTIANCE AG,ZSOL.DE
WT LONG JPY SHORT EUR,SJPS.DE
FREEDOM HOLDING CORP/NV,DMW2.DE
HAIER SMART HOME CO LTD-D,690D.DE
UMWELTBANK AG,UBK.DE
LLOYDS BANKING GROUP PLC,LLD.DE
AMERICAN AIRLINES GROUP INC,A1G.DE
ASCENDANT RESOURCES INC,2D9.DE
NATWEST GROUP PLC,RYS1.DE
SCHWEIZER ELECTRONIC AG,SCE.DE
ERLEBNIS AKADEMIE AG,EAD.DE
CO.DON AG,CNWK.DE
MERCK & CO. INC.,6MK.DE
GLOBAL FASHION GROUP SA,GFG.DE
MYRIAD GENETICS INC,MYD.DE
DEAG DEUTSCHE ENTERTAINMENT,LOUD.DE
GBS SOFTWARE AG,INW1.DE
COGECO INC,76E.DE
BOSTON PROPERTIES INC,BO9.DE
RWE AG,RWE.DE
GLOBAL PAYMENTS INC,GLO.DE
GAP INC/THE,GAP.DE
PIERER MOBILITY AG,PMAG.DE
ZALANDO SE,ZAL.DE
P G & E CORP,PCG.DE
FASTENAL CO,FAS.DE
BNP PAR ENHANCED COPPER ER,0GZB.DE
GPF PHYSICAL PLATINUM ETC,0IIC.DE
SHW AG,SW1.DE
CYTOTOOLS AG,T5O.DE
LIMES SCHLOSSKLINIKEN AG,LIK.DE
VIACOMCBS INC - CLASS B,0VVB.DE
DEUTSCHE BOERSE AG,DB1.DE
JUMIA TECHNOLOGIES AG-ADR,4JMA.DE
COLONY CAPITAL INC,6CL.DE
CVS HEALTH CORP,CVS.DE
HASBRO INC,HAS.DE
BRENNTAG SE,BNR.DE
BAADER BANK AG,BWB.DE
LOCKHEED MARTIN CORP,LOM.DE
GPF PHYSICAL SILVER ETC,0IIB.DE
WT BUND 30Y 3X DAILY SHORT,XMWH.DE
IQ INTERNATIONAL AG,IQL1.DE
ANHEUSER-BUSCH INBEV SA/NV,1NBA.DE
SNAP INC - A,1SI.DE
DATRON AG,DAR.DE
BLACK PEARL DIGITAL AG,VRL.DE
IAC/INTERACTIVECORP,4LR.DE
AURUBIS AG,NDA.DE
K+S AG-SPONSORED ADR,SDF1.DE
ANDRITZ AG,AZ2.DE
YOC AG,YOC.DE
TAG IMMOBILIEN AG-NEW,TEGA.DE
ADYEN NV,1N8.DE
MATTEL INC,MTT.DE
WW GRAINGER INC,GWW.DE
ARGENTUM SILVER CORP,26A1.DE
FORIS AG,FRS.DE
AUSTRIA TECHNOLOGIE & SYSTEM,AUS.DE
BECTON DICKINSON AND CO,BOX.DE
ISRA VISION AG,ISR.DE
SURYA SEMESTA INTERNUSA PT,5S3.DE
AGRARIUS AG,AU2.DE
OVB HOLDING AG,O4B.DE
KUKA AG,KU2.DE
MASCO CORP,MSQ.DE
ZALANDO SE - UNSPONSORED ADR,ZAL1.DE
MEDIOS AG,ILM1.DE
Q.BEYOND AG,QBY.DE
HARLEY-DAVIDSON INC,HAR.DE
VISA INC-CLASS A SHARES,3V64.DE
WT EM 3X DAILY LVRGD,3E3M.DE
WT S&P 500 3X DAILY SHORT,US9S.DE
MARKETAXESS HOLDINGS INC,MWI.DE
VINCI SA,SQU.DE
MICRON TECHNOLOGY INC,MTE.DE
LAMAR ADVERTISING CO-A,6LA.DE
ACCELL GROUP,AO1B.DE
INTESA SANPAOLO,IES.DE
DR HOENLE AG,HNL.DE
WT S&P 500 3X DLY LEVERAGED,US9L.DE
X IE PHYSICAL PLAT EUR ETC,XPPE.DE
HUBSPOT INC,096.DE
CSX CORP,CXR.DE
HMS BERGBAU AG,HMU.DE
SCOUT24 AG,G24.DE
BNP PAR RICI ENH ALUMINIUM,B4NA.DE
BNP PAR RICI ENH ENERGY,BNQU.DE
HEIDELBERGCEMENT AG,HEI.DE
TRAFFIC SYSTEMS SE,IXX.DE
WT BROAD CMMD - EUR DLY HDG,00XK.DE
LEVI STRAUSS & CO- CLASS A,LV2B.DE
ADLER GROUP SA,ADJ.DE
FERRARI NV,2FE.DE
BAE SYSTEMS PLC,BSP.DE
QORVO INC,2QO.DE
ENCAVIS AG,ECV.DE
WT SILVER 2X DAILY LEVERAGED,4RUE.DE
COVESTRO AG,1COV.DE
BERENTZEN-GRUPPE AG,BEZ.DE
LENNOX INTERNATIONAL INC,LXI.DE
FIRST REPUBLIC BANK/CA,81R.DE
UNION PACIFIC CORP,UNP.DE
GENERAL MOTORS CO,8GM.DE
WT AGRICULTURE - EUR DLY HDG,00XJ.DE
NEWMAC RESOURCES INC,N3MN.DE
INTERNATIONAL PAPER CO,INP.DE
PLAN OPTIK AG,P4O.DE
TOTAL SE,TOTB.DE
ALTERYX INC - CLASS A,3AI.DE
TESCO PLC,TCO.DE
AS CREATION TAPETEN AG,ACWN.DE
SUNRUN INC,3S9.DE
SHOP APOTHEKE EUROPE NV,SAE.DE
IVZ PHYSICAL GOLD EU HDG ETC,8PSE.DE
BAVARIA INDUSTRIES GROUP AG,B8A.DE
WT NICKEL 1X DAILY SHORT,4RTE.DE
DOMINION ENERGY INC,DOD.DE
JETBLUE AIRWAYS CORP,JAW.DE
BECHTLE AG,BC8.DE
WT PHYSICAL PRECIOUS METALS,VZLE.DE
CITRIX SYSTEMS INC,CTX.DE
BECLE SAB DE CV,6BE.DE
ADVANCED BLOCKCHAIN AG,BWQ.DE
DEUTSCHE BANK AG-REGISTERED,DBK.DE
ROY ASSET HOLDING SE,RY8.DE
BIONTECH SE-ADR,22UA.DE
PARK CITY GROUP INC,PJ4.DE
3M CO,MMM.DE
AIRBNB INC-CLASS A,6Z1.DE
CABOT OIL & GAS CORP,XCQ.DE
VARENGOLD BANK AG,VG8.DE
BNP PARIBAS RICI ENH BRENT,BNQ7.DE
NANOGATE AG,N7G.DE
WT BROAD CMMD EX-AG AND LVST,OOEC.DE
AFLAC INC,AFL.DE
WESTERN UNION CO,W3U.DE
PROCREDIT HOLDING AG & CO KG,PCZ.DE
HENKEL AG & CO KGAA,HEN.DE
LEONI AG,LEO.DE
RALPH LAUREN CORP,PRL.DE
MUTARES SE & CO KGAA,MUX.DE
EXELIXIS INC,EX9.DE
OSRAM LICHT AG,OSR.DE
BIOMARIN PHARMACEUTICAL INC,BM8.DE
PORR AG,ABS2.DE
WESTROCK CO,1WR.DE
VOLKSWAGEN AG,VOW.DE
PNC FINANCIAL SERVICES GROUP,PNP.DE
RINGMETALL AG,HP3.DE
SCHERZER & CO AG,PZS.DE
CARNIVAL PLC,POH1.DE
RESIDEO TECHNOLOGIES INC,3RT.DE
SIEMENS GAMESA RENEWABLE ENE,GTQ1.DE
MEDICLIN AG,MED.DE
EBAY INC,EBA.DE
WT SILVER 3X DAILY SHORT,PCFG.DE
CONOCOPHILLIPS,YCP.DE
ALLSTATE CORP,ALS.DE
DEUTSCHE GRUNDSTUECKSAUKTION,DGR.DE
DFV DEUTSCHE FAMILIENVERSICH,DFV.DE
COCA-COLA CO/THE,CCC3.DE
FLEETCOR TECHNOLOGIES INC,07G.DE
WT NATURAL GAS 2X DLY LVRGD,4RUC.DE
XEROX HOLDINGS CORP,XER2.DE
IMMUNOGEN INC,IMU.DE
EXPEDIA GROUP INC,E3X1.DE
AAREAL BANK AG,ARL.DE
VA-Q-TEC AG,VQT.DE
DEUTSCHE POST AG-SPON ADR,DPWA.DE
DANONE,BSN.DE
BNP PAR RICI ENH ZINC,B4ND.DE
ERICSSON LM-A SHS,ERCG.DE
GPF PHYSICAL GOLD ETC,0IIA.DE
AMERICAN WATER WORKS CO INC,AWC.DE
ACTIVISION BLIZZARD INC,AIY.DE
MICROCHIP TECHNOLOGY INC,MCP.DE
X IE PHYSICAL GOLD ETC,XGDU.DE
BIJOU BRIGITTE MODI ACCESS,BIJ.DE
IBERDROLA SA,IBE1.DE
PUBLITY AG,PBY.DE
ONOFF AG,2QU.DE
DIEBOLD NIXDORF INC,DBD.DE
AAP IMPLANTATE,AAQ1.DE
WISDOMTREE METAL SECURITIES,VZLD.DE
KPS AG,KSC.DE
UBER TECHNOLOGIES INC,UT8.DE
SYNCHRONY FINANCIAL,SFE.DE
WT SILVER 3X DAILY LEVERAGED,PCFH.DE
STROEER SE & CO KGAA,SAX.DE
AIB GROUP PLC,A5G.DE
ELEXXION AG,E8X.DE
UNIDEVICE AG,UDC.DE
ENBW ENERGIE BADEN-WUERTTEMB,EBK.DE
HANESBRANDS INC,HN9.DE
JUNIPER NETWORKS INC,JNP.DE
WHEATON PRECIOUS METALS CORP,SII.DE
AUMANN AG,AAG.DE
PROGRESS-WERK OBERKIRCH AG,PWO.DE
DENTSPLY SIRONA INC,DY2.DE
BROCKHAUS CAPITAL MGMT AG,BKHT.DE
WT EM 3X DAILY SHORT,3E3S.DE
ZUMTOBEL GROUP AG,T9Z.DE
ADLER MODEMAERKTE AG,ADD.DE
RECKITT BENCKISER GROUP PLC,3RB.DE
SOUTHWEST AIRLINES CO,SWN.DE
CREDITSHELF AG,CSQ.DE
AOVO TOURISTIK AG,A8N.DE
ISH MSCI USA ESG EHNCD USD-D,OM3L.DE
TRIPADVISOR INC,T6A.DE
INTEL CORP,INL.DE
VOLTABOX AG,VBX.DE
ADAPTIVE BIOTECHNOLOGIES,1HM.DE
GIGASET AG,GGS.DE
BIGCOMMERCE HOLDINGS-SER 1,BI1.DE
PPL CORP,PP9.DE
NEW ZEALAND COASTAL SEAFOODS,UMG.DE
LENDINGTREE INC,T77.DE
VIVORYON THERAPEUTICS NV,05Y.DE
KINROSS GOLD CORP,KIN2.DE
STRAUMANN HOLDING AG-REG,QS5.DE
PREOS GLOBAL OFFICE REAL EST,PAG.DE
SHAREHOLDER VALUE BET AG,SVE.DE
NORTONLIFELOCK INC,SYM.DE
BET-AT-HOME.COM AG,ACX.DE
ALMONTY INDUSTRIES INC,ALI.DE
SIRIUS XM HOLDINGS INC,RDO.DE
RTL GROUP,RRTL.DE
SRV GROUP OYJ,B7J.DE
C&C GROUP PLC,GCC.DE
GORE GERMAN OFFICE REAL EST,GAG.DE
DIERIG HOLDING AG,DIE.DE
BNP PAR RICI ENH NICKEL,BNQQ.DE
HIGHLIGHT EVENT AND ENTERTAI,L60.DE
SFC ENERGY AG-BR,F3C.DE
ABBOTT LABORATORIES,ABL.DE
WOLFTANK-ADISA HOLDING AG,WAH.DE
KKR & CO INC,KR51.DE
BTCETC BITCOIN ETP,BTCE.DE
COMMERZBANK AG,CBK.DE
ENVISTA HOLDINGS CORP,0HV.DE
WT CORN 2X DAILY LEVERAGED,4RT4.DE
STRYKER CORP,SYK.DE
MENSCH UND MASCHINE SOFTWARE,MUM.DE
WT COPPER,OD7C.DE
KROMI LOGISTIK AG,K1R.DE
MUEHLHAN AG,M4N.DE
CYAN AG-NEW,CYR.DE
S IMMO AG,T1L.DE
ALZCHEM GROUP AG,ACT.DE
GALAPAGOS NV,GXE.DE
DELTA AIR LINES INC,OYC.DE
SANGAMO THERAPEUTICS INC,GBY.DE
ING GROEP NV,INN1.DE
SEVEN PRINCIPLES AG,T3T1.DE
NORTEC MINERALS CORP,WMQ1.DE
BANK OF IRELAND GROUP PLC,BIRG.DE
PHILLIPS 66,R66.DE
AXA SA,AXA.DE
DEUTSCHE EFFECTEN- UND WECHS,EFF.DE
BNP COLLAT.ETC ON PALLADIUM,BNQL.DE
KWS SAAT SE & CO KGAA,KWS.DE
DIAGEO PLC,GUI.DE
HYPOPORT SE,HYQ.DE
KANSAS CITY SOUTHERN,KCY.DE
ALPHABET INC-CL A,ABEA.DE
VIVENDI,VVU.DE
FACC AG,1FC.DE
BLOOM ENERGY CORP- A,1ZB.DE
WT US TREAS 10Y 3X DLY SHORT,TY3S.DE
BNP PARIBAS RICI ENH CR OIL,BNQA.DE
INDUSTRIA DE DISENO TEXTIL,IXD1.DE
TELE COLUMBUS AG,TC1.DE
EASYJET PLC,EJT1.DE
GPF PHYSICAL PALLADIUM ETC,0IID.DE
GLOBAL PORTS HOLDING PLC,6P9.DE
JOST WERKE AG,JST.DE
FRESENIUS SE & CO KGAA,FRE.DE
LVMH MOET HENNESSY LOUIS VUI,MOH.DE
TAKKT AG,TTK.DE
WT GOLD 2X DAILY LEVERAGED,4RT8.DE
THERMO FISHER SCIENTIFIC INC,TN8.DE
REGIONS FINANCIAL CORP,RN7.DE
ALL FOR ONE GROUP SE,A1OS.DE
BERKSHIRE HATHAWAY INC-CL B,BRYN.DE
RIO TINTO PLC,RIO1.DE
KERING,PPX.DE
HEIDELBERGER BETEILIGUNDSHOL,IPOK.DE
UMICORE,NVJP.DE
ANALOG DEVICES INC,ANL.DE
AEGON NV,AEND.DE
SKYWORKS SOLUTIONS INC,AWM.DE
GOODYEAR TIRE & RUBBER CO,GTR.DE
TECHNOLOGY SELECT SECT SPDR,SD7T.DE
WT GOLD - EUR DAILY HEDGED,00XN.DE
BNP PARIBAS ZINC ETC,B4NS.DE
SARTORIUS AG,SRT.DE
ADVANCED MICRO DEVICES,AMD.DE
FINLAB AG,A7A.DE
MEDIGENE AG,MDG1.DE
TUI AG-DI,TUI1.DE
MUNTERS GROUP AB,1MS.DE
ZEAL NETWORK SE,TIMA.DE
ROCKFIRE RESOURCES PLC,P2P.DE
PROSIEBENSAT.1 MEDIA SE,PSM.DE
VOESTALPINE AG,VAS.DE
RAMBUS INC,RMB.DE
FOX CORP - CLASS A,FO5.DE
EOG RESOURCES INC,EO5.DE
ENTERGY CORP,ETY.DE
COMPAGNIE DE SAINT GOBAIN,GOB.DE
NIKE INC -CL B,NKE.DE
FIRST SENSOR AG,SIS.DE
POOL CORP,SP1.DE
WT WHEAT,OD7S.DE
ASMALLWORLD AG,1Q7.DE
DOW INC,2OY.DE
WT LONG NOK SHORT EUR,LNOE.DE
GATEWAY REAL ESTATE AG,GTY.DE
HEINEKEN NV,HNK1.DE
NORTHROP GRUMMAN CORP,NTH.DE
MOLSON COORS BEVERAGE CO - B,NY7.DE
IQ INTERNATIONAL AG,IQL.DE
HWA AG,H9W.DE
EVOTEC AG - SPON ADR,EVTA.DE
RENAULT SA-UNSP ADR,RNL1.DE
4SC AG,VSC.DE
KLOECKNER & CO SE,KCO.DE
COVETRUS INC,2NJ.DE
BAYER AG-REG,BAYN.DE
KNAUS TABBERT AG,KTA.DE
ESTEE LAUDER COMPANIES-CL A,ELAA.DE
JOHNSON CONTROLS INTERNATION,TYIA.DE
FBD HOLDINGS PLC,EG7.DE
FREQUENTIS AG,FQT.DE
AMGEN INC,AMG.DE
WT COPPER 2X DAILY LEVERAGED,4RT3.DE
LS TELCOM AG,LSX.DE
BARCLAYS PLC,BCY.DE
INFINITE ORE CORP,37NN.DE
HORNBACH BAUMARKT AG,HBM.DE
TESLA INC,TL0.DE
DRAFTKINGS INC - CL A,8DEA.DE
WT BRENT CRUDE LONGER DATED,00EB.DE
B+S BANKSYSTEME AG,DTD2.DE
ADIDAS AG,ADS.DE
ROYAL DUTCH SHELL PLC-B SHS,R6C3.DE
THINK GLOBAL REAL ESTATE ETF,TRET.DE
OTRS AG,TR9.DE
WT WTI CRUDE - EUR DLY HDG,00XM.DE
CHIPMOS TECHNOLOGIES INC-ADR,CPIA.DE
TAG IMMOBILIEN AG,TEG.DE
FERRATUM OYJ,FRU.DE
CUREVAC NV,5CV.DE
SATS ASA,2S0.DE
FIVE9 INC,1F9.DE
WT WTI CRUDE OIL 2MTH,OESB.DE
NRG ENERGY INC,NRA.DE
VIAVI SOLUTIONS INC,UNS1.DE
BALL CORP,BL8.DE
ISH MSCI ERP ESG EHNCD EUR-D,EMNU.DE
ADM ENERGY PLC,P4JC.DE
HENSOLDT AG,HAG.DE
NATURAL GAS ETC VON BNPP,BNQ9.DE
XTRACKER SILVER ETC EUR,XAD6.DE
PLUG POWER INC,PLUN.DE
KION GROUP AG,KGX.DE
ORGANOVO HOLDINGS INC,4OR1.DE
RYANAIR HOLDINGS PLC,RY4C.DE
SIEMENS HEALTHINEE-UNSP ADR,SHL1.DE
TELEFONICA SA-SPON ADR,TNE2.DE
XILINX INC,XIX.DE
PHARMASGP HOLDING SE,PSG.DE
WT NASDAQ 100 3X DLY LVRGD,3QQQ.DE
QIAGEN N.V.,QIA.DE
WASTE MANAGEMENT INC,UWS.DE
BAYWA AG,BYW.DE
OHB SE,OHB.DE
COLGATE-PALMOLIVE CO,CPA.DE
ELECTRONIC ARTS INC,ERT.DE
SLM SOLUTIONS GROUP AG,AM3D.DE
WESTWING GROUP AG,WEW.DE
HOLOGIC INC,HO1.DE
WT PHYSICAL PALLADIUM,VZLB.DE
VERISIGN INC,VRS.DE
FORTUNE BRANDS HOME & SECURI,2FB.DE
BNP PAR RICI ENH HEAT OIL CR,BNQH.DE
X IE PHYSICAL SILVER ETC EUR,XSLE.DE
DATA MODUL AG,DAM.DE
METRO AG - UNSPONS ADR,B4BX.DE
AURELIUS EQUITY OPPORTUNITIE,AR4.DE
PALANTIR TECHNOLOGIES INC-A,PTX.DE
RCM BETEILIGUNGS AG,RCMN.DE
BASF SE-SPON ADR,BASA.DE
DEUTSCHE BIOTECH INNOVATIV A,DBI.DE
WT WTI CRUDE 2X DLY LVRGD,4RT6.DE
WT SHORT USD LONG EUR,XBJQ.DE
WINDELN.DE SE,WDL.DE
STELLANTIS NV,8TI.DE
QURATE RETAIL INC-SERIES A,LB3A.DE
MOUNTAIN ALLIANCE AG,ECF.DE
CINEMARK HOLDINGS INC,ZZA.DE
APACHE CORP,APA.DE
GESCO AG,GSC1.DE
DEUTSCHE POST AG-NEW,DPWN.DE
UNITED PARCEL SERVICE-CL B,UPAB.DE
GILEAD SCIENCES INC,GIS.DE
DICK'S SPORTING GOODS INC,DSG.DE
PHOENIX NEW MEDIA LTD -ADR,1PXA.DE
CIENA CORP,CIE1.DE
SCHALTBAU HOLDING AG,SLT.DE
FRANKLIN RESOURCES INC,FRK.DE
PFERDEWETTEN.DE AG,EMH.DE
MASTERCARD INC - A,M4I.DE
BERTRANDT AG,BDT.DE
NORMA GROUP SE,NOEJ.DE
WALMART INC,WMT.DE
PRUDENTIAL FINANCIAL INC,PLL.DE
Q-GOLD RESOURCES LTD,QX9G.DE
BANDWIDTH INC-CLASS A,5XB.DE
H&R GMBH & CO KGAA,2HRA.DE
NORATIS AG,NUVA.DE
FAST FINANCE24 HOLDING AG,FF24.DE
ADIENT PLC,18I.DE
TELEFONICA DEUTSCHLAND HOLDI,O2D.DE
MBB SE,MBB.DE
AROUNDTOWN SA,AT1.DE
PENTAIR PLC,PNT.DE
BNP PAR RICI WTI CRUDE OIL,B4NZ.DE
KONTOOR BRANDS INC,3KO.DE
COMCAST CORP-CLASS A,CTP2.DE
WT LONG USD SHORT EUR 5X DLY,5CH5.DE
WT NATURAL GAS - EUR DLY HDG,00XP.DE
GAZPROM PJSC-SPON ADR,GAZ.DE
WT ENERGY,OD7W.DE
XTRACKER GOLD ETC EUR HDG,XAD1.DE
ABBVIE INC,4AB.DE
SPLENDID MEDIEN AG,SPM.DE
DOCCHECK AG,AJ91.DE
NOKIA OYJ,NOA3.DE
AVERY DENNISON CORP,AV3.DE
SIXT LEASING SE,LNSX.DE
L3HARRIS TECHNOLOGIES INC,HRS.DE
INTERPUBLIC GROUP OF COS INC,IPG.DE
WT S&P500VIX SHFUT 2.25DLYLV,VIXL.DE
MICROVISION INC,MVIN.DE
WT ENERGY ENHANCED,XMWK.DE
SOFTWARE AG,SOW.DE
ERNST RUSS AG,HXCK.DE
SENDR SE,SD1.DE
ROYAL MINT PHYSICAL GOLD ETC,RM8U.DE
WT ZINC,OD7T.DE
PAYPAL HOLDINGS INC,2PP.DE
HORNBACH HOLDING AG & CO KGA,HBH.DE
HUGO BOSS AG  -ORD,BOSS.DE
MORPHOSYS AG,MOR.DE
PEPSICO INC,PEP.DE
EDGEWATER EXPLORATION LTD,9EWN.DE
WT PHYSICAL SILVER,VZLC.DE
CLEVELAND-CLIFFS INC,CVA.DE
BNP PAR RICI ENH METALS,B4NN.DE
HENRY SCHEIN INC,HS2.DE
JPMORGAN CHASE & CO,CMC.DE
ATOSS SOFTWARE AG,AOF.DE
PETRO WELT TECHNOLOGIES AG,O2C.DE
ILLUMINA INC,ILU.DE
HARTFORD FINANCIAL SVCS GRP,HFF.DE
WALLSTREET:ONLINE AG,WSO1.DE
XYLEM INC,XY6.DE
WT AGRICULTURE,OD7U.DE
BNP PAR RICI ENH LEAD TR,BNQT.DE
VERBIO VEREINIGTE BIOENERGI,VBK.DE
WT NATURAL GAS 3X DLY SHORT,NGXS.DE
SOUTHERN CO/THE,SOT.DE
BNP PAR RICI ENH NTR GAS CRD,B4NH.DE
WT WTI CRUDE OIL PRE-ROLL,0LJC.DE
DAIMLER AG-REGISTERED SHARES,DAI.DE
WT BROAD COMMOD LONGER DATED,9GAF.DE
CREDIT ACCEPTANCE CORP,2D5.DE
EDISON INTERNATIONAL,EIX.DE
NVIDIA CORP,NVD.DE
EVERSOURCE ENERGY,NWJ.DE
SIEMENS HEALTHINEERS AG,SHL.DE
ELMOS SEMICONDUCTOR SE,ELG.DE
BNP PAR RICI ENH GASOLINE,B4NJ.DE
ZOOLOGISCHER GARTEN BERLIN-R,ZOO6.DE
AIXTRON SE,AIXA.DE
E.ON SE -SPONSORED ADR,EOAA.DE
WT PRECS METALS-EUR DLY HDG,00XQ.DE
WT BRENT CRUDE 3X DLY SHORT,3BFS.DE
NEMETSCHEK SE,NEM.DE
WT ENERGY - EUR DAILY HEDGED,EHEN.DE
GLAXOSMITHKLINE PLC,GS7.DE
MYNARIC AG,M0Y.DE
NORDEX SE,NDX1.DE
SOCIAL CHAIN AG /THE,PU11.DE
YELLOW CORP,YEL.DE
HONEYWELL INTERNATIONAL INC,ALD.DE
NUERNBERGER BETEILIG-AKT 'B',NBG6.DE
BANK OF AMERICA CORP,NCB.DE
BNP PAR RICI ENH TIN TR,B4NE.DE
GOLD RESOURCE CORP,GIH.DE
ROYAL DUTCH SHELL PLC-A SHS,R6C.DE
UNDER ARMOUR INC-CLASS C,U9RA.DE
SERVICEWARE SE,SJJ.DE
ROCKWELL AUTOMATION INC,RWL.DE
TELEFONICA SA,TNE5.DE
BIO-RAD LABORATORIES-A,BUWA.DE
EXELON CORP,PEO.DE
PFIZER INC,PFE.DE
DMG MORI AG,GIL.DE
BAUMOT GROUP AG,TINC.DE
ANGLO AMERICAN PLC,NGLB.DE
ASTRAZENECA PLC,ZEG.DE
EVONIK INDUSTRIES AG,EVK.DE
KNORR-BREMSE AG,KBX.DE
TJX COMPANIES INC,TJX.DE
KOMAX HOLDING AG-REG,KR8.DE
SM WIRTSCHAFTSBERATUNG AG,SMWN.DE
MIDWAY LTD,MI6.DE
NEWRON PHARMACEUTICALS SPA,NP5.DE
HERMES INTERNATIONAL,HMI.DE
WT SHORT JPY LONG EUR,SJPL.DE
NORSKE SKOG ASA,0BQ.DE
WT GOLD,OD7H.DE
WHITING PETROLEUM CORP,WHT2.DE
ENERGIEKONTOR AG,EKT.DE
MTU AERO ENGINES AG,MTX.DE
SCHOELLER-BLECKMANN OILFIELD,SLL.DE
BNP PAR RICI ENH NICKEL,B4NC.DE
TRAUMHAUS AG,TRU.DE
XCEL ENERGY INC,NRN.DE
DELL TECHNOLOGIES -C,12DA.DE
X IE PHYSICAL GOLD ETC EUR,XGDE.DE
ADESSO SE,ADN1.DE
LANG & SCHWARZ AG,LUS.DE
ZOOPLUS AG,ZO1.DE
FORTIVE CORP,F03.DE
MSCI INC,3HM.DE
DEUTSCHE ROHSTOFF AG,DR0.DE
BOEING CO/THE,BCO.DE
EXXON MOBIL CORP,XONA.DE
TRADE DESK INC/THE -CLASS A,TT8.DE
TONKENS AGRAR AG,GTK.DE
NANOREPRO AG,NN6.DE
NEXUS AG,NXU.DE
DOLBY LABORATORIES INC-CL A,FUO.DE
UNITED STATES STEEL CORP,USX1.DE
ROSENBAUER INTERNATIONAL AG,ROI.DE
SOFTLINE AG,SFD1.DE
PUBLIC SERVICE ENTERPRISE GP,PSE.DE
ONEOK INC,ONK.DE
ENPHASE ENERGY INC,E0P.DE
INTERCONTINENTAL EXCHANGE IN,IC2.DE
ETSY INC,3E2.DE
TEXAS INSTRUMENTS INC,TII.DE
CME GROUP INC,MX4A.DE
PRUDENTIAL PLC,PRU.DE
C.H. ROBINSON WORLDWIDE INC,CH1A.DE
WUESTENROT & WUERTTEMBERG,WUW.DE
AIFINYO AG,EBE.DE
TELEFLEX INC,TBH.DE
RAIFFEISEN BANK INTERNATIONA,RAW.DE
RELX PLC,RDEB.DE
ZOETIS INC,ZOE.DE
INVISION AG,IVX.DE
HELMA EIGENHEIMBAU AG,H5E.DE
FRIWO AG,CEA.DE
E.ON SE,EOAN.DE
TLG IMMOBILIEN AG,TLG.DE
TRATON SE,8TRA.DE
KLASSIK RADIO AG,KA8.DE
AZTEC MINERALS CORP,AZ3.DE
RIGAS AUTOELEKTROAPARATU RUP,WA0.DE
ECKERT & ZIEGLER STRAHLEN UN,EUZ.DE
ALADDIN HEALTHCARE TECHNOLOG,NMI.DE
DOVER CORP,DOV.DE
TOYOTA MOTOR CORP -SPON ADR,TOMA.DE
ASKNET SOLUTIONS AG,ASKN.DE
MUELLER-DIE LILA LOGISTIK AG,MLL.DE
INTERTAINMENT AG,ITN.DE
WT BRENT CRUDE OIL 1MTH,OESA.DE
TELES AG INFORMATIONSTECHNOL,TLIK.DE
ALSTRIA OFFICE REIT-AG,AOX.DE
MIC AG,M3BK.DE
3D SYSTEMS CORP,SYV.DE
QUIRIN PRIVATBANK AG,QB7.DE
CHIPOTLE MEXICAN GRILL INC,C9F.DE
BNP PAR RICI ENH WTI CRUDE,BNQD.DE
RENAULT SA,RNL.DE
HAMBORNER REIT AG,HABA.DE
DATAGROUP SE,D6H.DE
SLEEPZ AG,BTBB.DE
XTRACKER GOLD ETC EUR,XAD5.DE
LEIDOS HOLDINGS INC,S6IA.DE
UNILEVER PLC,UNVB.DE
FACEBOOK INC-CLASS A,FB2A.DE
NESTLE SA-REG,NESR.DE
SIGULDAS CMAS,W2I.DE
AIRBUS SE,AIR.DE
ALTRIA GROUP INC,PHM7.DE
OTIS WORLDWIDE CORP,4PG.DE
WEYERHAEUSER CO,WHC.DE
K+S AG-REG,SDF.DE
APPLIED MATERIALS INC,AP2.DE
ESSEX PROPERTY TRUST INC,EXP.DE
WT PHYSICAL SWISS GOLD,GZUR.DE
ADLER REAL ESTATE AG,ADL.DE
FREEPORT-MCMORAN INC,FPMB.DE
ALBIS LEASING AG,ALG.DE
IQVIA HOLDINGS INC,QTS.DE
GAMBIER GOLD CORP,25CN.DE
PROLOGIS INC,POJN.DE
PEARSON PLC,PES.DE
VESTAS WIND SYSTEMS A/S,VWS.DE
READCREST CAPITAL AG,EXJ.DE
REAL ESTATE OPPORTUNITIES-O,REA.DE
BP PLC,BPE5.DE
KHD HUMBOLDT WEDAG INTERNATI,KWG.DE
BRITISH AMERICAN TOBACCO PLC,BMT.DE
QUEST DIAGNOSTICS INC,QDI.DE
EQUIFAX INC,EFX.DE
EVOTEC SE,EVT.DE
NORCOM INFORMATION TECHNOLOG,NC5A.DE
NOVO-NORDISK A/S-SPONS ADR,NOVA.DE
AUTODESK INC,AUD.DE
ANNALY CAPITAL MANAGEMENT IN,AAY.DE
SIEMENS AG-REG,SIE.DE
STRATEC SE,SBS.DE
WELLTOWER INC,HCW.DE
MWB FAIRTRADE WERTPAPIERHAND,MWB.DE
ALIGN TECHNOLOGY INC,AFW.DE
T-MOBILE US INC,TM5.DE
HANNOVER RUECK SE,HNR1.DE
MCEWEN MINING INC,US8A.DE
CINTAS CORP,CIT.DE
XTRACKER  SILVER ETC EUR HDG,XAD2.DE
GOLDMAN SACHS GROUP INC,GOS.DE
UNIQA INSURANCE GROUP AG,UN9.DE
BLUE CAP AG,B7E.DE
SANOFI,SNW.DE
U-BLOX HOLDING AG,3BG.DE
PACIFICO RENEWABLES YIELD AG,PRY.DE
KELLOGG CO,KEL.DE
WT COFFEE 2X DAILY LEVERAGED,4RT2.DE
SILTRONIC AG,WAF.DE
WT SUGAR,OD7R.DE
ORANGE-SPON ADR,FTE1.DE
SNOWFLAKE INC-CLASS A,5Q5.DE
UNITEDHEALTH GROUP INC,UNH.DE
POST HOLDINGS INC,2PO.DE
BIG RIVER INDUSTRIES LTD,BQ3.DE
AMAZON.COM INC,AMZ.DE
SNAP-ON INC,SPU.DE
WT SILVER - EUR DAILY HEDGED,00XR.DE
TUBESOLAR AG,9TS.DE
LOTTO24,LO24.DE
GROUPON INC,G5NA.DE
FISERV INC,FIV.DE
WABTEC CORP,WB2.DE
PATTERSON COS INC,PD2.DE
LEG IMMOBILIEN AG,LEG.DE
DELTICOM AG,DEX.DE
EYEMAXX REAL ESTATE AG,BNT1.DE
TARGET CORP,DYH.DE
APPLE INC,APC.DE
RIB SOFTWARE SE,RIB.DE
XTRACKER ENERGY ETC EUR HDG,XCTH.DE
TESORO MINERALS CORP,NXPT.DE
ALBERTSONS COS INC - CLASS A,27S.DE
NASDAQ INC,NAQ.DE
BT GROUP PLC,BTQ.DE
ALPHABET INC-CL C,ABEC.DE
WT COCOA 2X DAILY LEVERAGED,4RUP.DE
BNP PARIBAS,BNP.DE
SBF AG,CY1K.DE
SPLUNK INC,S0U.DE
INTUIT INC,ITU.DE
NEWMONT CORP,NMM.DE
LOGWIN AG,TGHN.DE
WT SHORT USD LONG EUR 5X DLY,5CH6.DE
ELORO RESOURCES LTD,P2QM.DE
MORGAN STANLEY,DWD.DE
FORTEC ELEKTRONIK AG,FEV.DE
BIOGEN INC,IDP.DE
HAWESKO HOLDING AG,HAW.DE
DEXCOM INC,DC4.DE
MTU AERO ENGINES AG-NEW,MTXN.DE
ARTNET AG - REG,ART.DE
SYSCO CORP,SYY.DE
GENERAL DYNAMICS CORP,GDX.DE
SCHWAELBCHEN MOLKEREI AG,SMB.DE
WT SILVER,OD7N.DE
WT BUND 10Y 3X DAILY SHORT,SBU3.DE
DEUTSCHE TELEKOM AG-REG,DTE.DE
ING GROEP N.V.-SPONSORED ADR,INNA.DE
VF CORP,VFP.DE
FRESENIUS MEDICAL CARE AG &,FME.DE
MMC NORILSK NICKEL PJSC-ADR,NNIC.DE
XPHYTO THERAPEUTICS CORP,4XT.DE
PUMA SE,PUM.DE
FLATEXDEGIRO AG,FTK.DE
INTL FLAVORS & FRAGRANCES,IFF.DE
HENNES & MAURITZ AB-B SHS,HMSB.DE
BNP PAR RICI ENH IND METALS,B4NM.DE
HEWLETT PACKARD ENTERPRISE,2HP.DE
VODAFONE GROUP PLC-SP ADR,VODJ.DE
DOLLAR TREE INC,DT3.DE
HILTON WORLDWIDE HOLDINGS IN,HI91.DE
MARATHON PETROLEUM CORP,MPN.DE
WCM BETEILIGUNGS & GRUND AG,WCMK.DE
WT AGRICULTURE LONGER DATED,9GAL.DE
SLACK TECHNOLOGIES INC- CL A,8S0.DE
CLIQ DIGITAL AG,CLIQ.DE
CTS EVENTIM AG-ADR,EVD0.DE
ENEL SPA,ENL.DE
UNIPER SE,UN01.DE
ASML HOLDING NV,ASME.DE
GRENKE AG,GLJ.DE
MEDTRONIC PLC,2M6.DE
PINNACLE WEST CAPITAL,PWC.DE
CMS ENERGY CORP,CSG.DE
WENG FINE ART AG,WFA.DE
ENAPTER AG,H2O.DE
COLOPLAST-B,CBHD.DE
WILLIAMS COS INC,WMB.DE
WT PLATINUM 2X DLY LEVERAGED,4RUM.DE
INTUITIVE SURGICAL INC,IUI1.DE
GERRY WEBER INTERNATIONA-NEW,GWI2.DE
VERBUND AG,OEWA.DE
LUMENTUM HOLDINGS INC,LU2.DE
ORANGE,FTE.DE
BRENNTAG AG-NEW,BNRB.DE
EQUITY RESIDENTIAL,EQR.DE
UNIQURE NV,UQ1.DE
WT GOLD 3X DAILY SHORT,PCFN.DE
WT LONG USD SHORT EUR,XBJP.DE
SGT GERMAN PRIVATE EQUITY GM,SGF.DE
WT SOYBEAN OIL,OD7P.DE
QUALCOMM INC,QCI.DE
BNP PARIBAS LEAD ETC,B4NU.DE
FYBER N.V,FBEN.DE
DELIGNIT AG,DLX.DE
RHOEN-KLINIKUM AG,RHK.DE
MUENCHENER RUECKVER AG-REG,MUV2.DE
BITCOIN GROUP SE,ADE.DE
RH,RS1.DE
SCHINDLER HOLDING AG-REG,SHR.DE
WT LIVE CATTLE,OD7K.DE
PROCTER & GAMBLE CO/THE,PRG.DE
WT NICKEL 2X DAILY LEVERAGED,4RUD.DE
SCHLOSS WACHENHEIM AG,SWA.DE
PAION AG,PA8.DE
WT LONG AUD SHORT EUR,XBJJ.DE
KANDI TECHNOLOGIES GROUP INC,K8A.DE
HERSHEY CO/THE,HSY.DE
MGM RESORTS INTERNATIONAL,MGG.DE
DISH NETWORK CORP-A,EOT.DE
VECTRON SYSTEMS AG,V3S.DE
LIBERTY BROADBAND-C,8L8C.DE
ITT INC,2II.DE
EXASOL AG,EXL.DE
WT CORN,OD7D.DE
OI SA-ADR,TSLL.DE
RATIONAL AG,RAA.DE
INFINEON TECHNOLOGIES AG,IFX.DE
AGRANA BETEILIGUNGS AG,AGB2.DE
DUKE ENERGY CORP,D2MN.DE
GERATHERM MEDICAL AG,GME.DE
MBH CORP PLC,M8H.DE
TALANX AG,TLX.DE
ERICSSON (LM) TEL-SP ADR,ERCA.DE
CAPSENSIXX AG,CPX.DE
SYMRISE AG,SY1.DE
NETFONDS AG,NF4.DE
AMEREN CORPORATION,AE4.DE
VEOLIA ENVIRONNEMENT,VVD.DE
ENVITEC BIOGAS AG,ETG.DE
COREO AG,CORE.DE
MACY'S INC,FDO.DE
INSPIREMD INC,II2Q.DE
VMWARE INC-CLASS A,BZF1.DE
ELI LILLY & CO,LLY.DE
TORO CO,TO2.DE
DEERE & CO,DCO.DE
ARBOR METALS CORP,432.DE
BNP PAR RICI ENH WTI CRUDE,B4NG.DE
BEIERSDORF AG,BEI.DE
MUSGRAVE MINERALS LTD,6MU.DE
BNP PARIBAS TIN ETC,B4NT.DE
CAPITAL ONE FINANCIAL CORP,CFX.DE
WACKER NEUSON SE,WAC.DE
VESTAS WIND SYSTEMS-UNSP ADR,VWSA.DE
HOME24 SE,H24.DE
INTL BUSINESS MACHINES CORP,IBM.DE
SIXT SE,SIX2.DE
VERTEX PHARMACEUTICALS INC,VX1.DE
MOOVLY MEDIA INC,0PV2.DE
GOPRO INC-CLASS A,5G5.DE
MERKUR PRIVATBANK KGAA,MBK.DE
REGENERON PHARMACEUTICALS,RGO.DE
T ROWE PRICE GROUP INC,TR1.DE
ARROW ELECTRONICS INC,ARW.DE
DIALOG SEMICONDUCTOR PLC,DLG.DE
COSTCO WHOLESALE CORP,CTO.DE
ISH MSCI EMU ESG EHNCD EUR-D,EMNE.DE
NATIONAL GRID PLC,NNGF.DE
ALUMINUM CORP OF CHINA-ADR,AOCA.DE
ALBENA AD,6AB.DE
BNP COLLAT.ETC ON GOLD,BNQJ.DE
MARRIOTT VACATIONS WORLD,M8V.DE
LUMEN TECHNOLOGIES INC,CYTH.DE
SMA SOLAR TECHNOLOGY AG,S92.DE
ERGOMED PLC,2EM.DE
AMS AG,DQW1.DE
BORGWARNER INC,BGW.DE
FREDDIE MAC,FHL.DE
MERCK KGAA,MRK.DE
PRO DV AG,PDA.DE
HELLA GMBH & CO KGAA,HLE.DE
BAUER AG,B5A.DE
AGNC INVESTMENT CORP,4OQ1.DE
SIENNA RESOURCES INC,HRJ1.DE
WT WTI CRUDE OIL,OD7F.DE
DISCOVERY INC-C,DC6C.DE
GAMESTOP CORP-CLASS A,GS2C.DE
DWS GROUP GMBH & CO KGAA,DWS.DE
PATRIZIA AG,PAT.DE
COMPASS GROUP PLC,XGR2.DE
G1 THERAPEUTICS INC,G1H.DE
HUNTINGTON INGALLS INDUSTRIE,HI4.DE
HEALTHPEAK PROPERTIES INC,HC5.DE
LPKF LASER & ELECTRONICS,LPK.DE
ERSTE GROUP BANK AG,EBO.DE
WT BRENT CRUDE - EUR DLY HDG,00XT.DE
ARISTA NETWORKS INC,117.DE
HECLA MINING CO,HCL.DE
CHEMOURS CO/THE,2CU.DE
STMICROELECTRONICS NV,SGM.DE
KINGFISHER PLC,KFI1.DE
ACCENTRO REAL ESTATE AG,A4Y.DE
DORMAKABA HOLDING AG,KABN.DE
CLOVIS ONCOLOGY INC,C6O.DE
EQS GROUP AG,EQS.DE
TABULA EUR PERF CREDIT D ETF,TABD.DE
BNP PAR RICI ENH CRUDE OIL,B4NY.DE
FORD MOTOR CO,FMC1.DE
CARREFOUR SA,CAR.DE
FRANCOTYP-POSTALIA HOLDING A,FPH.DE
CARL ZEISS MEDITEC AG - BR,AFX.DE
EXPEDITORS INTL WASH INC,EW1.DE
RADIAN GROUP INC,RAG.DE
ZIMMER BIOMET HOLDINGS INC,ZIM.DE
NATIONAL GRID PLC-SP ADR,NNGD.DE
SOFTING AG,SYT.DE
DISCOVER FINANCIAL SERVICES,DC7.DE
ON SEMICONDUCTOR CORP,XS4.DE
FONTERELLI GMBH CO KGAA,FTRK.DE
PACTON GOLD INC,2NKM.DE
VONTOBEL HOLDING AG-REG,VTLN.DE
BNP PAR RICI ENH ZINC,BNQR.DE
COCA-COLA HBC AG-UNSN ADR,CCKC.DE
SURTECO GROUP SE,SUR.DE
DVS TECHNOLOGY AG,DIS.DE
MUEHLBAUER HOLDING AG,MUB.DE
AMERICAN TOWER CORP,A0T.DE
LAS VEGAS SANDS CORP,LCR.DE
OCCIDENTAL PETROLEUM CORP,OPC.DE
BNP PAR RICI ENH COPPER TR,B4NB.DE
VERIANOS SE,VROS.DE
TRAVELERS COS INC/THE,PA9.DE
DEUTSCHE EUROSHOP AG,DEQ.DE
MPC CAPITAL AG,MPCK.DE
WESTERN DIGITAL CORP,WDC.DE
SOCIETE GENERALE SA,SGE.DE
NYNOMIC AG,M7U.DE
AMPHENOL CORP-CL A,XPH.DE
NIKOLA CORP,8NI.DE
TELECOM ITALIA SPA,TQI.DE
NFON AG,NFN.DE
FUCHS PETROLUB SE,FPE.DE
WT BROAD COMMODITIES,OD7V.DE
UNICREDIT SPA,CRIN.DE
LYXOR HWABAO WP MSCI CHINA A,CNAA.DE
LANDSHUTER BRAUHAUS AG PRIVA,LBH1.DE
S&P GLOBAL INC,MHL.DE
BASTEI LUBBE AG,BST.DE
VARTA AG,VAR1.DE
GRAND CITY PROPERTIES,GYC.DE
HESS CORP,AHC.DE
KEYSIGHT TECHNOLOGIES IN,1KT.DE
MAX21 AG KONV,MA10.DE
KBR INC,K6B.DE
WILD BUNCH AG,WBAH.DE
AMERICOLD REALTY TRUST,YAR.DE
HORMEL FOODS CORP,HO7.DE
MPH HEALTH CARE AG KONV,93M1.DE
CORESTATE CAPITAL HOLDING S.,CCAP.DE
OPENLIMIT HOLDING AG,O5H.DE
TUFF GROUP AG,TUF.DE
M1 KLINIKEN AG,M12.DE
AMERICAN EXPRESS CO,AEC1.DE
BLUE SKY URANIUM CORP,MAL2.DE
BNP PAR RICI ENH METALS,BNQW.DE
ELUMEO SE,ELB.DE
INPHI CORP,IN0.DE
BERKSHIRE HATHAWAY INC-CL A,BRH.DE
SPOTIFY TECHNOLOGY SA,639.DE
ORWO NET AG,6ON.DE
INVESCO PHYSICAL GOLD ETC,8PSG.DE
UNITED INTERNET AG-REG SHARE,UTDI.DE
UMT UNITED MOBILITY TECHNOLO,UMDK.DE
NETAPP INC,NTA.DE
VANECK VECTORS BITCOIN ETN,VBTC.DE
BOSTON SCIENTIFIC CORP,BSX.DE
SAP SE,SAP.DE
ATMOS ENERGY CORP,AEO.DE
MCDONALD'S CORP,MDO.DE
CUMMINS INC,CUM.DE
DXC TECHNOLOGY CO,2XT.DE
KSB SE & CO KGAA,KSB.DE
BNP PAR ENH INDUSTR METL ER,0GZD.DE
LAM RESEARCH CORP,LAR.DE
AIR PRODUCTS & CHEMICALS INC,AP3.DE
ALLIANZ SE-NEW,ALVN.DE
VAPIANO SE,VAO.DE
METRO MINING LTD,6ME.DE
BNP PARIBAS WTI CRUDE OIL,BNQB.DE
FRESENIUS SE & CO KGAA-NEW,FREN.DE
CEOTRONICS AG,CEK.DE
TEAMVIEWER AG,TMV.DE
BOOKING HOLDINGS INC,PCE1.DE
BNP PARIBAS NICKEL FUTURES,B4NR.DE
METRO AG,B4B.DE
INVIVO THERAPEUTICS HOLDINGS,04IC.DE
KRONES AG,KRN.DE
PROSUS NV,1TY.DE
BASF SE,BAS.DE
PPG INDUSTRIES INC,PPQ.DE
PANTAFLIX AG,PAL.DE
ALBEMARLE CORP,AMC.DE
POWER GROUP PROJECTS CORP,9GCA.DE
VIATRIS INC,VIA.DE
DEVON ENERGY CORP,DY6.DE
CONSUS REAL ESTATE AG,CC1.DE
LIVE NATION ENTERTAINMENT IN,3LN.DE
THYSSENKRUPP AG,TKA.DE
WT GRAINS,OD7Y.DE
RACKLA METALS INC,RLH1.DE
UZIN UTZ AG,UZU.DE
WALGREENS BOOTS ALLIANCE INC,W8A.DE
TRUIST FINANCIAL CORP,BBK.DE
CTS EVENTIM AG & CO KGAA,EVD.DE
TRACTOR SUPPLY COMPANY,TR4.DE
KOENIG & BAUER AG,SKB.DE
DISCOVERY INC-B,DC6B.DE
VERINT SYSTEMS INC,VTY.DE
BANKWELL FINANCIAL GROUP INC,33W.DE
ILLINOIS TOOL WORKS,ILT.DE
GOING PUBLIC MEDIA AG,G6P.DE
REPSOL SA,REP.DE
GEA GROUP AG,G1A.DE
USU SOFTWARE AG,OSP2.DE
HELLOFRESH SE,HFG.DE
WT PRECIOUS METALS,OD73.DE
HOMES & HOLIDAY AG,HHH.DE
PSI SOFTWARE AG,PSAN.DE
RIGA JEWELRY,W7E.DE
CROWN HOLDINGS INC,CWN.DE
SAN LEON ENERGY PLC,SZX1.DE
INDUS HOLDING AG,INH.DE
PFEIFFER VACUUM TECHNOLOGY,PFV.DE
RAYTHEON TECHNOLOGIES CORP,5UR.DE
KRAFT HEINZ CO/THE,KHNZ.DE
L BRANDS INC,LTD.DE
SVB FINANCIAL GROUP,SV4.DE
DEMIRE DT MTS REAL ESTATE AG,DMRE.DE
SMT SCHARF AG,S4A.DE
MARATHON OIL CORP,USS.DE
SCHWAB (CHARLES) CORP,SWG.DE
EQUINIX INC,EQN2.DE
4BASEBIO AG,2INV.DE
BIOTECHNOLOGY RESEARCH & INF,BNN.DE
XTRACKER OIL ETC EUR,XCTL.DE
MERCADOLIBRE INC,MLB1.DE
WT EURO STOXX50 3X DLY LVRGD,PCFD.DE
HAMBURGER HAFEN UND LOGISTIK,HHFA.DE
ROSS STORES INC,RSO.DE
ALTRA INDUSTRIAL MOTION CORP,XQB.DE
LUDWIG BECK AM RATHAUSECK,ECK.DE
REPSOL SA-SPONSORED ADR,REPA.DE
SWISS STEEL HOLDING AG,SSN.DE
ARTEC TECHNOLOGIES AG,A6T.DE
BEYOND MEAT INC,0Q3.DE
PELOTON INTERACTIVE INC-A,2ON.DE
WEST PHARMACEUTICAL SERVICES,WPS.DE
UNDER ARMOUR INC-CLASS A,U9R.DE
IVU TRAFFIC TECHNOLOGIES AG,IVU.DE
DERMAPHARM HOLDING SE,DMP.DE
WT EURO STX BNK 3X DLY LVRGD,0LJI.DE
HOLIDAYCHECK GROUP AG,HOC.DE
YUM CHINA HOLDINGS INC,0YU.DE
WT PHYSICAL GOLD-EUR DLY HDG,GBSE.DE
WYNN RESORTS LTD,WYR.DE
SHERWIN-WILLIAMS CO/THE,SJ3.DE
SBERBANK PJSC -SPONSORED ADR,SBNC.DE
LENZING AG,LEN.DE
CAMPBELL SOUP CO,CSC.DE
GERRESHEIMER AG,GXI.DE
DANAHER CORP,DAP.DE
SQUARE INC - A,SQ3.DE
DRAEGERWERK AG,DRW8.DE
SIEMENS ENERGY AG,ENR.DE
NEXR TECHNOLOGIES SE,NXR.DE
ALSTOM,AOMD.DE
JM SMUCKER CO/THE,JM2.DE
ENCAVIS AG-NEW,ECV1.DE
ANSYS INC,AKX.DE
METTLER-TOLEDO INTERNATIONAL,MTO.DE
WT SOYBEANS,OD7Q.DE
EDEL SE & CO KGAA,EDL.DE
LYX MSCI EM EX CHINA,EMXC.DE
CONSTELLATION BRANDS INC-A,CB1A.DE
CHURCH & DWIGHT CO INC,CXU.DE
MICROSOFT CORP,MSF.DE
BARRICK GOLD CORP,ABR.DE
SERVICENOW INC,4S0.DE
MOBOTIX AG,MBQ.DE
MEDIQON GROUP AG,MCE.DE
ERICSSON LM-B SHS,ERCB.DE
HOWMET AEROSPACE INC,48Z.DE
NAGA GROUP AG/THE,N4G.DE
AGUIA RESOURCES LTD,5N91.DE
S&T AG,SANT.DE
BNP PAR RICI ENH GAS OIL,BNQF.DE
WHIRLPOOL CORP,WHR.DE
MODERNA INC,0QF.DE
SCHNEIDER ELECTRIC SE,SND.DE
HEIDELBERG PHARMA AG,HPHA.DE
EMERSON ELECTRIC CO,EMR.DE
WT PHYSICAL PLATINUM,VZLA.DE
TOTAL PRODUCE PLC,T7O.DE
ZYNGA INC - CL A,ZY3.DE
CATERPILLAR INC,CAT1.DE
NETFLIX INC,NFC.DE
WELLS FARGO & CO,NWT.DE
DEUTSCHE BETEILIGUNGS AG,DBAN.DE
CHEGG INC,0CG.DE
PTC INC,PMTA.DE
GENERAL MILLS INC,GRM.DE
PHILIP MORRIS INTERNATIONAL,4I1.DE
M.A.X. AUTOMATION SE,MXHN.DE
ECOTEL COMMUNICATION AG,E4C.DE
SYNOPSYS INC,SYP.DE
ALNYLAM PHARMACEUTICALS INC,DUL.DE
GRAFTON GROUP PLC-UTS,GN5.DE
PACCAR INC,PAE.DE
PARKER HANNIFIN CORP,PAR.DE
LITHIA MOTORS INC-CL A,LMO.DE
GRAMMER AG,GMM.DE
BHP GROUP PLC,BIL.DE
SECUNET SECURITY NETWORKS AG,YSN.DE
WT WHEAT - EUR DAILY HEDGED,00XS.DE
NEWS CORP - CLASS B,NC0B.DE
FRESENIUS MEDICAL CARE-NEW,FMEN.DE
BNP PAR RICI ENH IND METALS,BNQV.DE
FCR IMMOBILIEN AG,FC9.DE
KEYCORP,KEY.DE
EXCEET GROUP SE,EXC.DE
BILFINGER SE,GBF.DE
SINGULUS TECHNOLOGIES-BR,SNG.DE
EPIGENOMICS AG,ECX.DE
GK SOFTWARE SE,GKS.DE
SPEARMINT RESOURCES INC,SQH.DE
HALLIBURTON CO,HAL.DE
WT WTI CRUDE 1X DLY SHORT,9GA7.DE
COMPUGROUP MEDICAL SE & CO K,COP.DE
AIR LIQUIDE SA,AIL.DE
SSE PLC,SCT.DE
ETFS EUR DAILY HEDGED PLAT,EHPT.DE
WESTWATER RESOURCES INC,UCCP.DE
STEINHOFF INTERNATIONAL H NV,SNH.DE
JDE PEET'S NV,JDE.DE
21SHARES BITCOIN SINGLE,21XB.DE
MAXIM INTEGRATED PRODUCTS,MXI.DE
BATHURST RESOURCES LTD,B0R.DE
FREENET AG,FNTN.DE
ERWE IMMOBILIEN AG,ERWE.DE
NXP SEMICONDUCTORS NV,VNX.DE
ELRINGKLINGER AG,ZIL2.DE
IFA SYSTEMS AG,IS8.DE
SAVANNAH RESOURCES PLC,SAV.DE
LUKOIL PJSC-SPON ADR,LUK.DE
WT LEAN HOGS,OD7J.DE
X IE PHYSICAL PLATINUM ETC,XPPT.DE
7C SOLARPARKEN AG,HRPK.DE
WT COFFEE,OD7B.DE
GENERAL ELECTRIC CO,GEC.DE
MEDICOVER AB - B SHARE,5M0B.DE
AKAMAI TECHNOLOGIES INC,AK3.DE
LLOYD FONDS AG,L1OA.DE
FRAPORT AG FRANKFURT AIRPORT,FRA.DE
SNP SCHNEIDER-NEUREITHER & P,SHF.DE
EQT CORP,EQ6.DE
VIB VERMOEGEN AG,VIH1.DE
BANCO BILBAO VIZCAYA-SP ADR,BBVA.DE
INTL CONSOLIDATED AIRLINE-DI,INR.DE
SPORTTOTAL AG,WIG1.DE
VONOVIA SE,VNA.DE
WT ALUMINIUM,OD7A.DE
JOHNSON & JOHNSON,JNJ.DE
HOME DEPOT INC,HDI.DE
GASOIL DIESEL ETC VON BNPP,B4N1.DE
LANXESS AG,LXS.DE
BNP PARIBAS ALUMINIUM ETC,B4NP.DE
WT NATURAL GAS,OD7L.DE
NEWLAT FOOD SPA,6NF.DE
BNPP HEATING OIL ETC,B4N3.DE
DUPONT DE NEMOURS INC,6D81.DE
SPIRIT AIRLINES INC,S64.DE
SUPREME CANNABIS CO INC/THE,53S1.DE
ASSICURAZIONI GENERALI,ASG.DE
MEDION AG,MDN.DE
SIMON PROPERTY GROUP INC,SQI.DE
MS INDUSTRIE AG,MSAG.DE
WT DAX 30 3X DAILY SHORT,3DES.DE
URBAN OUTFITTERS INC,UOF.DE
OMV AG,OMV.DE
CLOROX COMPANY,CXX.DE
IMPERIAL BRANDS PLC,ITB.DE
PURSUIT MINERALS LTD,RISA.DE
BAYERISCHE MOTOREN WERKE AG,BMW.DE
NAGARRO SE,NA9.DE
WT SOFTS,OD74.DE
BNP PAR ENHANCED NICKEL ER,0GZC.DE
KROGER CO,KOG.DE
DIAMONDBACK ENERGY INC,7DB.DE
HELIAD EQUITY PARTNERS GMBH,HPBK.DE
STATE STREET CORP,ZYA.DE
XETRA-GOLD,4GLD.DE
KIMBERLY-CLARK CORP,KMY.DE
AMADEUS FIRE AG,AAD.DE
R STAHL AG,RSL2.DE
HSBC HOLDINGS PLC,HBC1.DE
WT INDUS METALS ENHANCED,XMWJ.DE
BIOFRONTERA AG,B8F.DE
ARCHER-DANIELS-MIDLAND CO,ADM.DE
ARCONIC CORP,47I.DE
UNITED AIRLINES HOLDINGS INC,UAL1.DE
BNPP GASOLINE ETC,B4N2.DE
GUARDANT HEALTH INC,5GH.DE
STEICO SE,ST5.DE
METLIFE INC,MWZ.DE
WACKER CHEMIE AG,WCH.DE
SGL CARBON SE,SGL.DE
ENI SPA,ENI.DE
